Scenario_ID,Run_Type,MTTD,MTTR,Success
S1_CPU_Starvation,Run A (Legacy),600.0,66.959273,True
S4_Network_Latency,Run A (Legacy),600.0,72.263399,True
S4_Network_Latency,Run B (Proposed),213.852205,273.871713,True
S7_Random_Pod_Kill,Run A (Legacy),600.0,72.630262,True
S2_Memory_Leak,Run A (Legacy),11.968566,551.884073,True
S1_CPU_Starvation,Run B (Proposed),6.946302,66.961516,True
S7_Random_Pod_Kill,Run B (Proposed),12.3929,72.33739,True
S2_Memory_Leak,Run A (Legacy),12.140916,192.093027,True
S1_CPU_Starvation,Run A (Legacy),600.0,66.901795,True
S1_CPU_Starvation,Run A (Legacy),600.0,66.686839,True
S4_Network_Latency,Run A (Legacy),600.0,72.197698,True
S1_CPU_Starvation,Run B (Proposed),6.090298,66.221751,True
S7_Random_Pod_Kill,Run B (Proposed),257.884115,317.857579,True
S7_Random_Pod_Kill,Run B (Proposed),12.716608,72.695727,True
S1_CPU_Starvation,Run A (Legacy),600.0,67.84916,True
S2_Memory_Leak,Run A (Legacy),12.623011,252.548696,True
S2_Memory_Leak,Run B (Proposed),11.821512,191.751537,True
S1_CPU_Starvation,Run A (Legacy),600.0,66.278323,True
S4_Network_Latency,Run A (Legacy),600.0,72.655784,True
S1_CPU_Starvation,Run A (Legacy),600.0,67.124958,True
S1_CPU_Starvation,Run B (Proposed),5.702154,65.739162,True
S1_CPU_Starvation,Run B (Proposed),7.047298,67.027463,True
S4_Network_Latency,Run B (Proposed),11.698025,71.67846,True
S1_CPU_Starvation,Run B (Proposed),6.29976,66.295488,True
S4_Network_Latency,Run B (Proposed),11.940624,71.894064,True
S1_CPU_Starvation,Run A (Legacy),600.0,67.154282,True
S7_Random_Pod_Kill,Run B (Proposed),12.30077,72.476626,True
S1_CPU_Starvation,Run B (Proposed),7.12965,67.190537,True
S1_CPU_Starvation,Run B (Proposed),5.922965,65.94597,True
S1_CPU_Starvation,Run B (Proposed),67.631043,67.886011,True
S2_Memory_Leak,Run A (Legacy),120.509158,356.986038,True
S2_Memory_Leak,Run B (Proposed),12.142223,252.141478,True
S1_CPU_Starvation,Run B (Proposed),6.404714,66.418627,True
S1_CPU_Starvation,Run B (Proposed),5.488707,65.496252,True
S1_CPU_Starvation,Run A (Legacy),600.0,66.276487,True
S1_CPU_Starvation,Run A (Legacy),600.0,66.511843,True
S1_CPU_Starvation,Run B (Proposed),6.762057,66.767257,True
S1_CPU_Starvation,Run B (Proposed),7.180691,67.14426,True
S2_Memory_Leak,Run B (Proposed),11.995126,251.974059,True
S7_Random_Pod_Kill,Run A (Legacy),600.0,72.013013,True
S1_CPU_Starvation,Run A (Legacy),600.0,66.22957,True
S1_CPU_Starvation,Run B (Proposed),6.266566,66.256237,True
S1_CPU_Starvation,Run A (Legacy),600.0,65.814685,True
S1_CPU_Starvation,Run B (Proposed),7.160386,67.154196,True
S1_CPU_Starvation,Run A (Legacy),600.0,66.360167,True
S2_Memory_Leak,Run B (Proposed),12.380128,192.386646,True
S2_Memory_Leak,Run B (Proposed),11.924811,191.920548,True
S1_CPU_Starvation,Run A (Legacy),600.0,65.938835,True
S1_CPU_Starvation,Run B (Proposed),7.017172,67.047314,True
S4_Network_Latency,Run A (Legacy),600.0,72.178807,True
S1_CPU_Starvation,Run B (Proposed),6.36874,66.343298,True
S2_Memory_Leak,Run A (Legacy),12.300737,312.238584,True
S4_Network_Latency,Run A (Legacy),600.0,71.817578,True
S4_Network_Latency,Run B (Proposed),12.604532,72.666745,True
S1_CPU_Starvation,Run A (Legacy),600.0,67.339169,True
S7_Random_Pod_Kill,Run B (Proposed),12.048197,192.032497,True
S4_Network_Latency,Run B (Proposed),12.314922,72.307652,True
S7_Random_Pod_Kill,Run B (Proposed),12.776513,72.811228,True
S1_CPU_Starvation,Run A (Legacy),600.0,66.413068,True
S2_Memory_Leak,Run A (Legacy),12.163117,252.11977,True
S1_CPU_Starvation,Run B (Proposed),6.570331,66.555947,True
S2_Memory_Leak,Run A (Legacy),12.045889,600.0,False
S4_Network_Latency,Run A (Legacy),600.0,71.698412,True
S2_Memory_Leak,Run A (Legacy),12.57093,252.559285,True
S7_Random_Pod_Kill,Run A (Legacy),600.0,72.179357,True
S2_Memory_Leak,Run B (Proposed),12.308374,192.300971,True
S1_CPU_Starvation,Run A (Legacy),600.0,65.614486,True
S1_CPU_Starvation,Run B (Proposed),6.144693,66.157714,True
S7_Random_Pod_Kill,Run B (Proposed),12.837542,72.764253,True
S2_Memory_Leak,Run B (Proposed),12.092918,252.079567,True
S1_CPU_Starvation,Run A (Legacy),600.0,67.298797,True
S1_CPU_Starvation,Run B (Proposed),6.965536,187.009305,True
S7_Random_Pod_Kill,Run A (Legacy),600.0,72.713383,True
S4_Network_Latency,Run B (Proposed),12.619935,72.617078,True
S7_Random_Pod_Kill,Run A (Legacy),600.0,72.035454,True
S1_CPU_Starvation,Run A (Legacy),600.0,67.100564,True
S1_CPU_Starvation,Run A (Legacy),600.0,66.297825,True
S1_CPU_Starvation,Run B (Proposed),6.127985,66.187952,True
S4_Network_Latency,Run A (Legacy),600.0,72.213204,True
S7_Random_Pod_Kill,Run A (Legacy),600.0,72.035926,True
S1_CPU_Starvation,Run A (Legacy),600.0,67.081021,True
S7_Random_Pod_Kill,Run A (Legacy),12.607468,192.534663,True
S4_Network_Latency,Run B (Proposed),12.413682,72.403523,True
S1_CPU_Starvation,Run A (Legacy),600.0,67.02283,True
S2_Memory_Leak,Run A (Legacy),11.9355,191.883037,True
S1_CPU_Starvation,Run A (Legacy),600.0,66.526686,True
S4_Network_Latency,Run A (Legacy),600.0,72.1511,True
S2_Memory_Leak,Run B (Proposed),12.122097,192.14442,True
S1_CPU_Starvation,Run B (Proposed),7.491997,67.522772,True
S7_Random_Pod_Kill,Run B (Proposed),12.553004,72.520075,True
S1_CPU_Starvation,Run A (Legacy),600.0,66.328351,True
S7_Random_Pod_Kill,Run A (Legacy),12.18524,72.084112,True
S2_Memory_Leak,Run B (Proposed),12.293888,432.340127,True
S1_CPU_Starvation,Run B (Proposed),5.376582,65.379668,True
S2_Memory_Leak,Run B (Proposed),11.889967,251.919366,True
S4_Network_Latency,Run A (Legacy),600.0,72.928053,True
S1_CPU_Starvation,Run A (Legacy),600.0,65.594594,True
S1_CPU_Starvation,Run B (Proposed),6.510529,70.056734,True
S1_CPU_Starvation,Run A (Legacy),600.0,67.709105,True
S2_Memory_Leak,Run A (Legacy),12.253609,252.288679,True
S4_Network_Latency,Run B (Proposed),12.193214,72.195132,True
S1_CPU_Starvation,Run A (Legacy),600.0,65.44416,True
S4_Network_Latency,Run B (Proposed),12.524776,72.479581,True
S2_Memory_Leak,Run A (Legacy),12.424784,192.372575,True
S7_Random_Pod_Kill,Run B (Proposed),12.584439,72.600121,True
S1_CPU_Starvation,Run A (Legacy),600.0,66.482968,True
S1_CPU_Starvation,Run B (Proposed),6.925602,66.711889,True
S1_CPU_Starvation,Run B (Proposed),5.717853,65.670584,True
S2_Memory_Leak,Run A (Legacy),12.186665,372.147351,True
S1_CPU_Starvation,Run A (Legacy),6.057668,65.692147,True
S7_Random_Pod_Kill,Run A (Legacy),600.0,72.632252,True
S1_CPU_Starvation,Run A (Legacy),67.063963,67.063997,True
S7_Random_Pod_Kill,Run B (Proposed),72.641126,72.848839,True
S1_CPU_Starvation,Run A (Legacy),600.0,66.833999,True
S1_CPU_Starvation,Run A (Legacy),600.0,67.234828,True
S1_CPU_Starvation,Run B (Proposed),6.238699,66.237902,True
S1_CPU_Starvation,Run B (Proposed),6.131931,66.165524,True
S4_Network_Latency,Run B (Proposed),11.938637,131.987009,True
S1_CPU_Starvation,Run A (Legacy),600.0,66.294267,True
S7_Random_Pod_Kill,Run A (Legacy),600.0,72.087051,True
S4_Network_Latency,Run A (Legacy),600.0,71.700055,True
S3_Disk_IO_Stress,Run A (Legacy),67.605896,67.605926,True
S3_Disk_IO_Stress,Run A (Legacy),600.0,66.83954,True
S3_Disk_IO_Stress,Run A (Legacy),600.0,66.990952,True
S3_Disk_IO_Stress,Run A (Legacy),600.0,67.190003,True
S3_Disk_IO_Stress,Run A (Legacy),600.0,66.414551,True
S3_Disk_IO_Stress,Run A (Legacy),600.0,66.483509,True
S3_Disk_IO_Stress,Run A (Legacy),66.68245,186.711099,True
S3_Disk_IO_Stress,Run A (Legacy),600.0,66.874138,True
S3_Disk_IO_Stress,Run A (Legacy),600.0,66.300282,True
S3_Disk_IO_Stress,Run A (Legacy),600.0,67.028732,True
S3_Disk_IO_Stress,Run B (Proposed),6.325803,66.293267,True
S3_Disk_IO_Stress,Run B (Proposed),66.751888,66.967647,True
S3_Disk_IO_Stress,Run B (Proposed),66.344076,66.5595,True
S3_Disk_IO_Stress,Run B (Proposed),66.83823,67.08039,True
S3_Disk_IO_Stress,Run B (Proposed),66.409384,66.671411,True
S3_Disk_IO_Stress,Run B (Proposed),7.273598,67.360361,True
S3_Disk_IO_Stress,Run B (Proposed),6.15988,66.112911,True
S3_Disk_IO_Stress,Run B (Proposed),6.45638,66.488204,True
S3_Disk_IO_Stress,Run B (Proposed),65.864517,66.089086,True
S3_Disk_IO_Stress,Run B (Proposed),6.443431,66.452908,True
S5_Packet_Loss,Run A (Legacy),600.0,72.47593,True
S5_Packet_Loss,Run A (Legacy),600.0,72.076049,True
S5_Packet_Loss,Run A (Legacy),600.0,72.621383,True
S5_Packet_Loss,Run A (Legacy),600.0,72.421802,True
S5_Packet_Loss,Run A (Legacy),600.0,72.14016,True
S5_Packet_Loss,Run A (Legacy),600.0,72.211704,True
S5_Packet_Loss,Run A (Legacy),600.0,71.867957,True
S5_Packet_Loss,Run A (Legacy),600.0,72.568305,True
S5_Packet_Loss,Run A (Legacy),600.0,72.175312,True
S5_Packet_Loss,Run A (Legacy),600.0,71.786034,True
S5_Packet_Loss,Run B (Proposed),12.772581,192.742775,True
S5_Packet_Loss,Run B (Proposed),12.586035,72.549015,True
S5_Packet_Loss,Run B (Proposed),12.210172,72.193557,True
S5_Packet_Loss,Run B (Proposed),600.0,71.799823,True
S5_Packet_Loss,Run B (Proposed),12.265009,72.271894,True
S5_Packet_Loss,Run B (Proposed),11.954732,71.93289,True
S5_Packet_Loss,Run B (Proposed),71.761453,71.997908,True
S5_Packet_Loss,Run B (Proposed),11.84162,71.826972,True
S5_Packet_Loss,Run B (Proposed),12.595063,72.551861,True
S6_DNS_Failure,Run A (Legacy),600.0,72.318614,True
S6_DNS_Failure,Run A (Legacy),600.0,71.832694,True
S6_DNS_Failure,Run A (Legacy),600.0,72.526391,True
S6_DNS_Failure,Run A (Legacy),600.0,72.194021,True
S6_DNS_Failure,Run B (Proposed),600.0,71.850295,True
S6_DNS_Failure,Run B (Proposed),12.585536,72.545777,True
S6_DNS_Failure,Run B (Proposed),600.0,74.000705,True
S6_DNS_Failure,Run B (Proposed),600.0,72.60988,True
S6_DNS_Failure,Run B (Proposed),600.0,72.340039,True
S8_Node_Unresponsive,Run A (Legacy),600.0,71.882615,True
S8_Node_Unresponsive,Run A (Legacy),71.968244,71.968275,True
S8_Node_Unresponsive,Run A (Legacy),600.0,71.94072,True
S8_Node_Unresponsive,Run A (Legacy),600.0,71.906119,True
S8_Node_Unresponsive,Run B (Proposed),71.860263,72.087767,True
S8_Node_Unresponsive,Run B (Proposed),71.852583,72.079375,True
S8_Node_Unresponsive,Run B (Proposed),12.000821,71.960988,True
S8_Node_Unresponsive,Run B (Proposed),11.921333,71.911031,True
S8_Node_Unresponsive,Run B (Proposed),11.860916,71.843303,True
S10_HTTP_5xx,Run A (Legacy),72.349399,72.349432,True
S10_HTTP_5xx,Run A (Legacy),12.133194,72.022821,True
S10_HTTP_5xx,Run A (Legacy),11.86337,71.764787,True
S10_HTTP_5xx,Run A (Legacy),12.62261,72.496488,True
S10_HTTP_5xx,Run A (Legacy),12.260601,72.264314,True
S10_HTTP_5xx,Run B (Proposed),11.871561,71.885171,True
S10_HTTP_5xx,Run B (Proposed),11.702459,71.799599,True
S10_HTTP_5xx,Run B (Proposed),12.240981,72.216179,True
S10_HTTP_5xx,Run B (Proposed),71.933841,72.160432,True
S12_Config_Drift,Run A (Legacy),600.0,65.344938,True
S12_Config_Drift,Run A (Legacy),600.0,65.449843,True
S12_Config_Drift,Run A (Legacy),65.220664,185.225167,True
S12_Config_Drift,Run A (Legacy),600.0,65.395457,True
S12_Config_Drift,Run B (Proposed),5.33625,65.337306,True
S12_Config_Drift,Run B (Proposed),600.0,65.280127,True
S12_Config_Drift,Run B (Proposed),5.309981,65.307128,True
